heuristica,escala,trial,host,tempo_uso_s
MOHEFT,512,1,DGX_System,0.7108
MOHEFT,512,1,GPU7,1.1527
MOHEFT,512,1,GPU6,1.4080
MOHEFT,512,1,GPU5,1.3267
MOHEFT,512,1,GPU4,1.4081
MOHEFT,512,1,GPU3,1.4025
MOHEFT,512,1,GPU2,1.3959
MOHEFT,512,1,GPU1,1.4336
MOHEFT,512,1,GPU8,1.2864
MOHEFT,512,2,DGX_System,1.3892
MOHEFT,512,2,GPU7,1.1724
MOHEFT,512,2,GPU6,1.0063
MOHEFT,512,2,GPU5,1.2386
MOHEFT,512,2,GPU4,1.5978
MOHEFT,512,2,GPU3,1.4906
MOHEFT,512,2,GPU2,1.6047
MOHEFT,512,2,GPU1,1.5988
MOHEFT,512,2,GPU8,1.1220
MOHEFT,512,3,DGX_System,1.3010
MOHEFT,512,3,GPU7,1.5751
MOHEFT,512,3,GPU6,1.5527
MOHEFT,512,3,GPU5,1.5622
MOHEFT,512,3,GPU4,1.5860
MOHEFT,512,3,GPU3,1.6300
MOHEFT,512,3,GPU2,1.5497
MOHEFT,512,3,GPU1,1.6642
MOHEFT,512,3,GPU8,1.5379
MOHEFT,512,4,DGX_System,1.3225
MOHEFT,512,4,GPU7,1.4888
MOHEFT,512,4,GPU6,1.5418
MOHEFT,512,4,GPU5,1.1805
MOHEFT,512,4,GPU4,1.4200
MOHEFT,512,4,GPU3,1.4663
MOHEFT,512,4,GPU2,1.5379
MOHEFT,512,4,GPU1,1.5675
MOHEFT,512,4,GPU8,1.2338
MOHEFT,512,5,DGX_System,1.2745
MOHEFT,512,5,GPU7,1.3114
MOHEFT,512,5,GPU6,1.0279
MOHEFT,512,5,GPU5,1.1087
MOHEFT,512,5,GPU4,1.5949
MOHEFT,512,5,GPU3,1.5119
MOHEFT,512,5,GPU2,1.5130
MOHEFT,512,5,GPU1,1.5440
MOHEFT,512,5,GPU8,1.4942
MOHEFT,512,6,DGX_System,1.2429
MOHEFT,512,6,GPU7,1.3421
MOHEFT,512,6,GPU6,1.1351
MOHEFT,512,6,GPU5,1.4209
MOHEFT,512,6,GPU4,1.4205
MOHEFT,512,6,GPU3,1.2889
MOHEFT,512,6,GPU2,1.4101
MOHEFT,512,6,GPU1,1.3768
MOHEFT,512,6,GPU8,1.3930
MOHEFT,512,7,DGX_System,1.2488
MOHEFT,512,7,GPU7,1.2994
MOHEFT,512,7,GPU6,1.3810
MOHEFT,512,7,GPU5,1.4347
MOHEFT,512,7,GPU4,1.4097
MOHEFT,512,7,GPU3,1.3317
MOHEFT,512,7,GPU2,1.4650
MOHEFT,512,7,GPU1,1.4524
MOHEFT,512,7,GPU8,1.3612
MOHEFT,512,8,DGX_System,1.0542
MOHEFT,512,8,GPU7,1.4059
MOHEFT,512,8,GPU6,1.3867
MOHEFT,512,8,GPU5,1.3710
MOHEFT,512,8,GPU4,1.2251
MOHEFT,512,8,GPU3,1.3300
MOHEFT,512,8,GPU2,1.3291
MOHEFT,512,8,GPU1,1.4170
MOHEFT,512,8,GPU8,1.3822
MOHEFT,512,9,DGX_System,1.2946
MOHEFT,512,9,GPU7,1.1775
MOHEFT,512,9,GPU6,0.8765
MOHEFT,512,9,GPU5,1.0586
MOHEFT,512,9,GPU4,1.3664
MOHEFT,512,9,GPU3,1.2910
MOHEFT,512,9,GPU2,1.3817
MOHEFT,512,9,GPU1,1.2569
MOHEFT,512,9,GPU8,1.1234
MOHEFT,512,10,DGX_System,1.0613
MOHEFT,512,10,GPU7,1.1312
MOHEFT,512,10,GPU6,1.4139
MOHEFT,512,10,GPU5,1.4473
MOHEFT,512,10,GPU4,1.3640
MOHEFT,512,10,GPU3,1.4947
MOHEFT,512,10,GPU2,1.4829
MOHEFT,512,10,GPU1,1.4039
MOHEFT,512,10,GPU8,1.4784
MOHEFT,2048,1,DGX_System,5.8745
MOHEFT,2048,1,GPU7,5.8798
MOHEFT,2048,1,GPU6,5.9568
MOHEFT,2048,1,GPU5,6.1109
MOHEFT,2048,1,GPU4,5.7833
MOHEFT,2048,1,GPU3,6.0586
MOHEFT,2048,1,GPU2,5.8253
MOHEFT,2048,1,GPU1,5.8346
MOHEFT,2048,1,GPU8,5.8104
MOHEFT,2048,2,DGX_System,5.6048
MOHEFT,2048,2,GPU7,5.7771
MOHEFT,2048,2,GPU6,5.4222
MOHEFT,2048,2,GPU5,6.0092
MOHEFT,2048,2,GPU4,5.9031
MOHEFT,2048,2,GPU3,6.1381
MOHEFT,2048,2,GPU2,5.8826
MOHEFT,2048,2,GPU1,6.1340
MOHEFT,2048,2,GPU8,5.8426
MOHEFT,2048,3,DGX_System,6.6134
MOHEFT,2048,3,GPU7,6.5900
MOHEFT,2048,3,GPU6,6.4649
MOHEFT,2048,3,GPU5,6.3705
MOHEFT,2048,3,GPU4,6.5944
MOHEFT,2048,3,GPU3,6.5793
MOHEFT,2048,3,GPU2,6.6228
MOHEFT,2048,3,GPU1,6.7474
MOHEFT,2048,3,GPU8,6.3883
MOHEFT,2048,4,DGX_System,5.9989
MOHEFT,2048,4,GPU7,5.6204
MOHEFT,2048,4,GPU6,6.2279
MOHEFT,2048,4,GPU5,6.2361
MOHEFT,2048,4,GPU4,6.3552
MOHEFT,2048,4,GPU3,6.3593
MOHEFT,2048,4,GPU2,6.5417
MOHEFT,2048,4,GPU1,6.2342
MOHEFT,2048,4,GPU8,5.6605
MOHEFT,2048,5,DGX_System,5.2692
MOHEFT,2048,5,GPU7,6.3102
MOHEFT,2048,5,GPU6,6.2340
MOHEFT,2048,5,GPU5,6.5125
MOHEFT,2048,5,GPU4,6.2412
MOHEFT,2048,5,GPU3,6.3783
MOHEFT,2048,5,GPU2,6.1452
MOHEFT,2048,5,GPU1,6.4807
MOHEFT,2048,5,GPU8,6.1412
MOHEFT,2048,6,DGX_System,5.6598
MOHEFT,2048,6,GPU7,6.1120
MOHEFT,2048,6,GPU6,6.1112
MOHEFT,2048,6,GPU5,5.9249
MOHEFT,2048,6,GPU4,5.9883
MOHEFT,2048,6,GPU3,5.9359
MOHEFT,2048,6,GPU2,6.0376
MOHEFT,2048,6,GPU1,5.7634
MOHEFT,2048,6,GPU8,6.0442
MOHEFT,2048,7,DGX_System,6.0972
MOHEFT,2048,7,GPU7,5.7587
MOHEFT,2048,7,GPU6,6.6009
MOHEFT,2048,7,GPU5,6.3915
MOHEFT,2048,7,GPU4,6.1737
MOHEFT,2048,7,GPU3,6.2606
MOHEFT,2048,7,GPU2,6.2313
MOHEFT,2048,7,GPU1,6.4158
MOHEFT,2048,7,GPU8,6.4624
MOHEFT,2048,8,DGX_System,6.0007
MOHEFT,2048,8,GPU7,6.0201
MOHEFT,2048,8,GPU6,5.9865
MOHEFT,2048,8,GPU5,5.9793
MOHEFT,2048,8,GPU4,5.8864
MOHEFT,2048,8,GPU3,5.6180
MOHEFT,2048,8,GPU2,5.9323
MOHEFT,2048,8,GPU1,5.6998
MOHEFT,2048,8,GPU8,5.8972
MOHEFT,2048,9,DGX_System,5.9321
MOHEFT,2048,9,GPU7,5.5588
MOHEFT,2048,9,GPU6,6.0156
MOHEFT,2048,9,GPU5,5.8624
MOHEFT,2048,9,GPU4,5.8330
MOHEFT,2048,9,GPU3,5.8632
MOHEFT,2048,9,GPU2,6.0057
MOHEFT,2048,9,GPU1,6.1108
MOHEFT,2048,9,GPU8,6.0726
MOHEFT,2048,10,DGX_System,5.3282
MOHEFT,2048,10,GPU7,5.1735
MOHEFT,2048,10,GPU6,5.4560
MOHEFT,2048,10,GPU5,5.4558
MOHEFT,2048,10,GPU4,5.1003
MOHEFT,2048,10,GPU3,5.3516
MOHEFT,2048,10,GPU2,5.4044
MOHEFT,2048,10,GPU1,5.3071
MOHEFT,2048,10,GPU8,5.1614
MOHEFT,256,1,DGX_System,0.7220
MOHEFT,256,1,GPU7,0.4756
MOHEFT,256,1,GPU6,0.5301
MOHEFT,256,1,GPU5,0.8443
MOHEFT,256,1,GPU4,0.9424
MOHEFT,256,1,GPU3,0.8355
MOHEFT,256,1,GPU2,0.9472
MOHEFT,256,1,GPU1,0.9472
MOHEFT,256,1,GPU8,0.0432
MOHEFT,256,2,DGX_System,0.6298
MOHEFT,256,2,GPU7,0.6067
MOHEFT,256,2,GPU6,0.6378
MOHEFT,256,2,GPU5,0.5271
MOHEFT,256,2,GPU4,0.8310
MOHEFT,256,2,GPU3,0.8552
MOHEFT,256,2,GPU2,0.8556
MOHEFT,256,2,GPU1,0.7432
MOHEFT,256,2,GPU8,0.3198
MOHEFT,256,3,DGX_System,0.8763
MOHEFT,256,3,GPU7,0.4586
MOHEFT,256,3,GPU6,0.8787
MOHEFT,256,3,GPU5,0.8491
MOHEFT,256,3,GPU4,0.8182
MOHEFT,256,3,GPU3,0.8245
MOHEFT,256,3,GPU2,0.8295
MOHEFT,256,3,GPU1,0.7788
MOHEFT,256,3,GPU8,0.5206
MOHEFT,256,4,DGX_System,0.4962
MOHEFT,256,4,GPU7,0.4305
MOHEFT,256,4,GPU6,0.4889
MOHEFT,256,4,GPU5,0.0832
MOHEFT,256,4,GPU4,0.5718
MOHEFT,256,4,GPU3,0.5728
MOHEFT,256,4,GPU2,0.5311
MOHEFT,256,4,GPU1,0.5629
MOHEFT,256,4,GPU8,0.5117
MOHEFT,256,5,DGX_System,0.5731
MOHEFT,256,5,GPU7,0.4356
MOHEFT,256,5,GPU6,0.5930
MOHEFT,256,5,GPU5,0.5414
MOHEFT,256,5,GPU4,0.7808
MOHEFT,256,5,GPU3,0.8208
MOHEFT,256,5,GPU2,0.8175
MOHEFT,256,5,GPU1,0.8222
MOHEFT,256,5,GPU8,0.7134
MOHEFT,256,6,DGX_System,0.2734
MOHEFT,256,6,GPU7,0.5787
MOHEFT,256,6,GPU6,0.4235
MOHEFT,256,6,GPU5,0.5772
MOHEFT,256,6,GPU4,0.7924
MOHEFT,256,6,GPU3,0.8160
MOHEFT,256,6,GPU2,0.7894
MOHEFT,256,6,GPU1,0.8676
MOHEFT,256,6,GPU8,0.8849
MOHEFT,256,7,DGX_System,0.5077
MOHEFT,256,7,GPU7,0.5409
MOHEFT,256,7,GPU6,0.5639
MOHEFT,256,7,GPU5,0.5388
MOHEFT,256,7,GPU4,0.6192
MOHEFT,256,7,GPU3,0.6420
MOHEFT,256,7,GPU2,0.6121
MOHEFT,256,7,GPU1,0.6068
MOHEFT,256,7,GPU8,0.4857
MOHEFT,256,8,DGX_System,0.5678
MOHEFT,256,8,GPU7,0.4451
MOHEFT,256,8,GPU6,0.4398
MOHEFT,256,8,GPU5,0.4212
MOHEFT,256,8,GPU4,0.7822
MOHEFT,256,8,GPU3,0.8002
MOHEFT,256,8,GPU2,0.7848
MOHEFT,256,8,GPU1,0.7945
MOHEFT,256,8,GPU8,0.6850
MOHEFT,256,9,DGX_System,0.5881
MOHEFT,256,9,GPU7,0.4581
MOHEFT,256,9,GPU6,0.5487
MOHEFT,256,9,GPU5,0.5584
MOHEFT,256,9,GPU4,0.7668
MOHEFT,256,9,GPU3,0.7674
MOHEFT,256,9,GPU2,0.7653
MOHEFT,256,9,GPU1,0.7655
MOHEFT,256,9,GPU8,0.5898
MOHEFT,256,10,DGX_System,0.5893
MOHEFT,256,10,GPU7,0.6018
MOHEFT,256,10,GPU6,0.7760
MOHEFT,256,10,GPU5,0.5458
MOHEFT,256,10,GPU4,0.7770
MOHEFT,256,10,GPU3,0.7769
MOHEFT,256,10,GPU2,0.7708
MOHEFT,256,10,GPU1,0.7779
MOHEFT,256,10,GPU8,0.4892
MOHEFT,1024,1,DGX_System,2.4368
MOHEFT,1024,1,GPU7,2.3850
MOHEFT,1024,1,GPU6,2.7404
MOHEFT,1024,1,GPU5,2.7086
MOHEFT,1024,1,GPU4,2.4484
MOHEFT,1024,1,GPU3,2.6189
MOHEFT,1024,1,GPU2,2.6020
MOHEFT,1024,1,GPU1,2.6903
MOHEFT,1024,1,GPU8,2.6830
MOHEFT,1024,2,DGX_System,2.3160
MOHEFT,1024,2,GPU7,2.5056
MOHEFT,1024,2,GPU6,2.4252
MOHEFT,1024,2,GPU5,1.9511
MOHEFT,1024,2,GPU4,2.3388
MOHEFT,1024,2,GPU3,2.4602
MOHEFT,1024,2,GPU2,2.4101
MOHEFT,1024,2,GPU1,2.3393
MOHEFT,1024,2,GPU8,2.4322
MOHEFT,1024,3,DGX_System,3.2541
MOHEFT,1024,3,GPU7,2.9378
MOHEFT,1024,3,GPU6,3.0245
MOHEFT,1024,3,GPU5,3.3158
MOHEFT,1024,3,GPU4,3.3897
MOHEFT,1024,3,GPU3,3.3519
MOHEFT,1024,3,GPU2,3.2184
MOHEFT,1024,3,GPU1,3.3873
MOHEFT,1024,3,GPU8,3.2776
MOHEFT,1024,4,DGX_System,2.7759
MOHEFT,1024,4,GPU7,2.9776
MOHEFT,1024,4,GPU6,2.7231
MOHEFT,1024,4,GPU5,2.8921
MOHEFT,1024,4,GPU4,2.9056
MOHEFT,1024,4,GPU3,2.8887
MOHEFT,1024,4,GPU2,2.9739
MOHEFT,1024,4,GPU1,2.8582
MOHEFT,1024,4,GPU8,2.7415
MOHEFT,1024,5,DGX_System,2.8466
MOHEFT,1024,5,GPU7,2.7777
MOHEFT,1024,5,GPU6,3.2630
MOHEFT,1024,5,GPU5,3.2336
MOHEFT,1024,5,GPU4,3.1318
MOHEFT,1024,5,GPU3,2.9562
MOHEFT,1024,5,GPU2,3.2643
MOHEFT,1024,5,GPU1,3.2949
MOHEFT,1024,5,GPU8,3.0782
MOHEFT,1024,6,DGX_System,2.7080
MOHEFT,1024,6,GPU7,2.7395
MOHEFT,1024,6,GPU6,2.6416
MOHEFT,1024,6,GPU5,2.7260
MOHEFT,1024,6,GPU4,2.6942
MOHEFT,1024,6,GPU3,2.9641
MOHEFT,1024,6,GPU2,2.8250
MOHEFT,1024,6,GPU1,2.9604
MOHEFT,1024,6,GPU8,2.9654
MOHEFT,1024,7,DGX_System,2.7524
MOHEFT,1024,7,GPU7,2.7537
MOHEFT,1024,7,GPU6,2.5215
MOHEFT,1024,7,GPU5,2.7645
MOHEFT,1024,7,GPU4,3.0426
MOHEFT,1024,7,GPU3,2.9995
MOHEFT,1024,7,GPU2,3.0023
MOHEFT,1024,7,GPU1,2.8804
MOHEFT,1024,7,GPU8,2.7598
MOHEFT,1024,8,DGX_System,2.9754
MOHEFT,1024,8,GPU7,3.1146
MOHEFT,1024,8,GPU6,2.7929
MOHEFT,1024,8,GPU5,2.9881
MOHEFT,1024,8,GPU4,3.0187
MOHEFT,1024,8,GPU3,3.1302
MOHEFT,1024,8,GPU2,3.0567
MOHEFT,1024,8,GPU1,3.1553
MOHEFT,1024,8,GPU8,3.0374
MOHEFT,1024,9,DGX_System,2.5107
MOHEFT,1024,9,GPU7,2.8237
MOHEFT,1024,9,GPU6,2.6796
MOHEFT,1024,9,GPU5,2.7337
MOHEFT,1024,9,GPU4,2.7247
MOHEFT,1024,9,GPU3,2.8550
MOHEFT,1024,9,GPU2,2.8584
MOHEFT,1024,9,GPU1,2.8178
MOHEFT,1024,9,GPU8,2.5746
MOHEFT,1024,10,DGX_System,2.7078
MOHEFT,1024,10,GPU7,2.2387
MOHEFT,1024,10,GPU6,2.6390
MOHEFT,1024,10,GPU5,2.5832
MOHEFT,1024,10,GPU4,2.4605
MOHEFT,1024,10,GPU3,2.6005
MOHEFT,1024,10,GPU2,2.7036
MOHEFT,1024,10,GPU1,2.6125
MOHEFT,1024,10,GPU8,2.6332
HEFT,512,1,DGX_System,1.0872
HEFT,512,1,GPU7,0.9276
HEFT,512,1,GPU6,0.3787
HEFT,512,1,GPU5,0.6948
HEFT,512,1,GPU4,1.4047
HEFT,512,1,GPU3,1.4755
HEFT,512,1,GPU2,1.4951
HEFT,512,1,GPU1,1.5899
HEFT,512,1,GPU8,1.3992
HEFT,512,2,DGX_System,1.2480
HEFT,512,2,GPU7,1.1896
HEFT,512,2,GPU6,0.5084
HEFT,512,2,GPU5,0.3134
HEFT,512,2,GPU4,1.7147
HEFT,512,2,GPU3,1.7007
HEFT,512,2,GPU2,1.5361
HEFT,512,2,GPU1,1.7043
HEFT,512,2,GPU8,1.5233
HEFT,512,3,DGX_System,1.4865
HEFT,512,3,GPU7,1.1606
HEFT,512,3,GPU6,0.8595
HEFT,512,3,GPU5,0.9857
HEFT,512,3,GPU4,1.7317
HEFT,512,3,GPU3,1.7626
HEFT,512,3,GPU2,1.7431
HEFT,512,3,GPU1,1.6516
HEFT,512,3,GPU8,1.3213
HEFT,512,4,DGX_System,1.3924
HEFT,512,4,GPU7,1.0899
HEFT,512,4,GPU6,0.9018
HEFT,512,4,GPU5,0.2459
HEFT,512,4,GPU4,1.7487
HEFT,512,4,GPU3,1.6864
HEFT,512,4,GPU2,1.6719
HEFT,512,4,GPU1,1.6644
HEFT,512,4,GPU8,0.4067
HEFT,512,5,DGX_System,1.1854
HEFT,512,5,GPU7,1.2699
HEFT,512,5,GPU6,0.7492
HEFT,512,5,GPU5,0.3188
HEFT,512,5,GPU4,1.6105
HEFT,512,5,GPU3,1.5684
HEFT,512,5,GPU2,1.6644
HEFT,512,5,GPU1,1.6810
HEFT,512,5,GPU8,1.5206
HEFT,512,6,DGX_System,1.2978
HEFT,512,6,GPU7,0.9743
HEFT,512,6,GPU6,0.5530
HEFT,512,6,GPU5,0.6654
HEFT,512,6,GPU4,1.5164
HEFT,512,6,GPU3,1.5077
HEFT,512,6,GPU2,1.5162
HEFT,512,6,GPU1,1.5153
HEFT,512,6,GPU8,1.0810
HEFT,512,7,DGX_System,1.1999
HEFT,512,7,GPU7,1.2735
HEFT,512,7,GPU6,0.4335
HEFT,512,7,GPU5,0.6509
HEFT,512,7,GPU4,1.5971
HEFT,512,7,GPU3,1.5331
HEFT,512,7,GPU2,1.6084
HEFT,512,7,GPU1,1.5641
HEFT,512,7,GPU8,0.9915
HEFT,512,8,DGX_System,0.9529
HEFT,512,8,GPU7,0.6651
HEFT,512,8,GPU6,1.0088
HEFT,512,8,GPU5,0.7545
HEFT,512,8,GPU4,1.4943
HEFT,512,8,GPU3,1.4318
HEFT,512,8,GPU2,1.4923
HEFT,512,8,GPU1,1.4345
HEFT,512,8,GPU8,1.3981
HEFT,512,9,DGX_System,0.8350
HEFT,512,9,GPU7,1.2563
HEFT,512,9,GPU6,0.4938
HEFT,512,9,GPU5,1.0614
HEFT,512,9,GPU4,1.4666
HEFT,512,9,GPU3,1.1517
HEFT,512,9,GPU2,1.4714
HEFT,512,9,GPU1,1.5124
HEFT,512,9,GPU8,1.1736
HEFT,512,10,DGX_System,1.2065
HEFT,512,10,GPU7,0.9193
HEFT,512,10,GPU6,0.5370
HEFT,512,10,GPU5,0.7094
HEFT,512,10,GPU4,1.5614
HEFT,512,10,GPU3,1.5904
HEFT,512,10,GPU2,1.5768
HEFT,512,10,GPU1,1.6016
HEFT,512,10,GPU8,1.0431
HEFT,2048,1,DGX_System,5.8828
HEFT,2048,1,GPU7,2.6111
HEFT,2048,1,GPU6,2.7571
HEFT,2048,1,GPU5,3.0069
HEFT,2048,1,GPU4,6.7456
HEFT,2048,1,GPU3,6.5538
HEFT,2048,1,GPU2,6.5238
HEFT,2048,1,GPU1,6.7699
HEFT,2048,1,GPU8,4.7467
HEFT,2048,2,DGX_System,5.6729
HEFT,2048,2,GPU7,3.6740
HEFT,2048,2,GPU6,2.6552
HEFT,2048,2,GPU5,2.5332
HEFT,2048,2,GPU4,6.6800
HEFT,2048,2,GPU3,6.6902
HEFT,2048,2,GPU2,6.6212
HEFT,2048,2,GPU1,6.6829
HEFT,2048,2,GPU8,5.0795
HEFT,2048,3,DGX_System,6.6582
HEFT,2048,3,GPU7,4.7374
HEFT,2048,3,GPU6,3.8054
HEFT,2048,3,GPU5,3.5550
HEFT,2048,3,GPU4,7.2825
HEFT,2048,3,GPU3,7.3363
HEFT,2048,3,GPU2,7.1121
HEFT,2048,3,GPU1,7.3315
HEFT,2048,3,GPU8,4.9849
HEFT,2048,4,DGX_System,5.6770
HEFT,2048,4,GPU7,2.9642
HEFT,2048,4,GPU6,1.9226
HEFT,2048,4,GPU5,1.8114
HEFT,2048,4,GPU4,7.3363
HEFT,2048,4,GPU3,7.3463
HEFT,2048,4,GPU2,6.8647
HEFT,2048,4,GPU1,7.3695
HEFT,2048,4,GPU8,5.8350
HEFT,2048,5,DGX_System,5.4512
HEFT,2048,5,GPU7,3.8911
HEFT,2048,5,GPU6,2.4588
HEFT,2048,5,GPU5,2.1758
HEFT,2048,5,GPU4,7.2341
HEFT,2048,5,GPU3,7.1172
HEFT,2048,5,GPU2,7.1232
HEFT,2048,5,GPU1,7.1573
HEFT,2048,5,GPU8,4.7194
HEFT,2048,6,DGX_System,5.8639
HEFT,2048,6,GPU7,3.1151
HEFT,2048,6,GPU6,3.5787
HEFT,2048,6,GPU5,1.7604
HEFT,2048,6,GPU4,6.8730
HEFT,2048,6,GPU3,6.7743
HEFT,2048,6,GPU2,6.4012
HEFT,2048,6,GPU1,6.9239
HEFT,2048,6,GPU8,4.2251
HEFT,2048,7,DGX_System,5.4260
HEFT,2048,7,GPU7,2.5994
HEFT,2048,7,GPU6,2.5938
HEFT,2048,7,GPU5,1.9185
HEFT,2048,7,GPU4,7.3005
HEFT,2048,7,GPU3,7.1532
HEFT,2048,7,GPU2,7.4485
HEFT,2048,7,GPU1,7.4346
HEFT,2048,7,GPU8,4.6511
HEFT,2048,8,DGX_System,5.2053
HEFT,2048,8,GPU7,3.7816
HEFT,2048,8,GPU6,3.0765
HEFT,2048,8,GPU5,3.6020
HEFT,2048,8,GPU4,6.5567
HEFT,2048,8,GPU3,6.6574
HEFT,2048,8,GPU2,6.3863
HEFT,2048,8,GPU1,6.6226
HEFT,2048,8,GPU8,4.2052
HEFT,2048,9,DGX_System,5.0372
HEFT,2048,9,GPU7,3.8493
HEFT,2048,9,GPU6,2.1547
HEFT,2048,9,GPU5,2.6349
HEFT,2048,9,GPU4,6.8604
HEFT,2048,9,GPU3,6.6060
HEFT,2048,9,GPU2,6.6697
HEFT,2048,9,GPU1,6.9268
HEFT,2048,9,GPU8,5.2634
HEFT,2048,10,DGX_System,5.2856
HEFT,2048,10,GPU7,3.3851
HEFT,2048,10,GPU6,2.6313
HEFT,2048,10,GPU5,3.0307
HEFT,2048,10,GPU4,5.8074
HEFT,2048,10,GPU3,5.8370
HEFT,2048,10,GPU2,5.8063
HEFT,2048,10,GPU1,5.9057
HEFT,2048,10,GPU8,4.7394
HEFT,256,1,DGX_System,0.4934
HEFT,256,1,GPU7,0.5414
HEFT,256,1,GPU6,0.4871
HEFT,256,1,GPU5,0.5510
HEFT,256,1,GPU4,0.9343
HEFT,256,1,GPU3,0.8614
HEFT,256,1,GPU2,0.9343
HEFT,256,1,GPU1,0.9689
HEFT,256,1,GPU8,0.6205
HEFT,256,2,DGX_System,0.5276
HEFT,256,2,GPU7,0.5476
HEFT,256,2,GPU6,0.1864
HEFT,256,2,GPU5,0.5671
HEFT,256,2,GPU4,0.8296
HEFT,256,2,GPU3,0.8242
HEFT,256,2,GPU2,0.8628
HEFT,256,2,GPU1,0.8280
HEFT,256,2,GPU8,0.7635
HEFT,256,3,DGX_System,0.3504
HEFT,256,3,GPU7,0.7028
HEFT,256,3,GPU6,0.6267
HEFT,256,3,GPU5,0.4154
HEFT,256,3,GPU4,0.9374
HEFT,256,3,GPU3,0.8602
HEFT,256,3,GPU2,0.8777
HEFT,256,3,GPU1,0.8734
HEFT,256,3,GPU8,0.8559
HEFT,256,4,DGX_System,0.3888
HEFT,256,4,GPU7,0.1848
HEFT,256,4,GPU6,0.2091
HEFT,256,4,GPU5,0.2302
HEFT,256,4,GPU4,0.5621
HEFT,256,4,GPU3,0.6350
HEFT,256,4,GPU2,0.5681
HEFT,256,4,GPU1,0.6382
HEFT,256,4,GPU8,0.5115
HEFT,256,5,DGX_System,0.5063
HEFT,256,5,GPU7,0.7386
HEFT,256,5,GPU6,0.2709
HEFT,256,5,GPU5,0.4667
HEFT,256,5,GPU4,0.8294
HEFT,256,5,GPU3,0.8222
HEFT,256,5,GPU2,0.8127
HEFT,256,5,GPU1,0.8768
HEFT,256,5,GPU8,0.5811
HEFT,256,6,DGX_System,0.6914
HEFT,256,6,GPU7,0.5475
HEFT,256,6,GPU6,0.4739
HEFT,256,6,GPU5,0.4113
HEFT,256,6,GPU4,0.7502
HEFT,256,6,GPU3,0.7584
HEFT,256,6,GPU2,0.7685
HEFT,256,6,GPU1,0.8604
HEFT,256,6,GPU8,0.7419
HEFT,256,7,DGX_System,0.3411
HEFT,256,7,GPU7,0.6525
HEFT,256,7,GPU6,0.3750
HEFT,256,7,GPU5,0.2537
HEFT,256,7,GPU4,0.7207
HEFT,256,7,GPU3,0.7220
HEFT,256,7,GPU2,0.6981
HEFT,256,7,GPU1,0.4873
HEFT,256,7,GPU8,0.6304
HEFT,256,8,DGX_System,0.5591
HEFT,256,8,GPU7,0.7387
HEFT,256,8,GPU6,0.7244
HEFT,256,8,GPU5,0.3470
HEFT,256,8,GPU4,0.6275
HEFT,256,8,GPU3,0.7806
HEFT,256,8,GPU2,0.7807
HEFT,256,8,GPU1,0.8049
HEFT,256,8,GPU8,0.7731
HEFT,256,9,DGX_System,0.4739
HEFT,256,9,GPU7,0.6043
HEFT,256,9,GPU6,0.6480
HEFT,256,9,GPU5,0.7139
HEFT,256,9,GPU4,0.7618
HEFT,256,9,GPU3,0.7654
HEFT,256,9,GPU2,0.7792
HEFT,256,9,GPU1,0.7697
HEFT,256,9,GPU8,0.3496
HEFT,256,10,DGX_System,0.6501
HEFT,256,10,GPU7,0.4351
HEFT,256,10,GPU6,0.1967
HEFT,256,10,GPU5,0.5318
HEFT,256,10,GPU4,0.7725
HEFT,256,10,GPU3,0.8425
HEFT,256,10,GPU2,0.8392
HEFT,256,10,GPU1,0.7939
HEFT,256,10,GPU8,0.6437
HEFT,1024,1,DGX_System,2.2192
HEFT,1024,1,GPU7,2.0904
HEFT,1024,1,GPU6,1.5726
HEFT,1024,1,GPU5,1.1533
HEFT,1024,1,GPU4,2.9135
HEFT,1024,1,GPU3,2.9627
HEFT,1024,1,GPU2,2.7297
HEFT,1024,1,GPU1,2.8002
HEFT,1024,1,GPU8,2.4842
HEFT,1024,2,DGX_System,1.9680
HEFT,1024,2,GPU7,1.8661
HEFT,1024,2,GPU6,1.0414
HEFT,1024,2,GPU5,1.3090
HEFT,1024,2,GPU4,2.7194
HEFT,1024,2,GPU3,2.5122
HEFT,1024,2,GPU2,2.7181
HEFT,1024,2,GPU1,2.6357
HEFT,1024,2,GPU8,2.1417
HEFT,1024,3,DGX_System,3.0842
HEFT,1024,3,GPU7,2.7336
HEFT,1024,3,GPU6,1.6441
HEFT,1024,3,GPU5,1.5315
HEFT,1024,3,GPU4,3.7126
HEFT,1024,3,GPU3,3.7481
HEFT,1024,3,GPU2,3.5804
HEFT,1024,3,GPU1,3.5852
HEFT,1024,3,GPU8,2.5478
HEFT,1024,4,DGX_System,2.2978
HEFT,1024,4,GPU7,2.3398
HEFT,1024,4,GPU6,1.3429
HEFT,1024,4,GPU5,0.9315
HEFT,1024,4,GPU4,3.4114
HEFT,1024,4,GPU3,3.4022
HEFT,1024,4,GPU2,3.0185
HEFT,1024,4,GPU1,3.4070
HEFT,1024,4,GPU8,2.0124
HEFT,1024,5,DGX_System,2.8436
HEFT,1024,5,GPU7,2.6863
HEFT,1024,5,GPU6,1.4335
HEFT,1024,5,GPU5,1.1013
HEFT,1024,5,GPU4,3.7576
HEFT,1024,5,GPU3,3.3524
HEFT,1024,5,GPU2,3.2364
HEFT,1024,5,GPU1,3.7206
HEFT,1024,5,GPU8,2.2583
HEFT,1024,6,DGX_System,2.6767
HEFT,1024,6,GPU7,1.3730
HEFT,1024,6,GPU6,1.5467
HEFT,1024,6,GPU5,1.7547
HEFT,1024,6,GPU4,3.1659
HEFT,1024,6,GPU3,3.1539
HEFT,1024,6,GPU2,3.1614
HEFT,1024,6,GPU1,3.1131
HEFT,1024,6,GPU8,2.4994
HEFT,1024,7,DGX_System,2.9848
HEFT,1024,7,GPU7,0.8242
HEFT,1024,7,GPU6,0.7286
HEFT,1024,7,GPU5,1.2091
HEFT,1024,7,GPU4,3.3979
HEFT,1024,7,GPU3,3.4103
HEFT,1024,7,GPU2,3.2402
HEFT,1024,7,GPU1,3.4782
HEFT,1024,7,GPU8,2.1290
HEFT,1024,8,DGX_System,2.8157
HEFT,1024,8,GPU7,2.3404
HEFT,1024,8,GPU6,1.7472
HEFT,1024,8,GPU5,1.6546
HEFT,1024,8,GPU4,3.4478
HEFT,1024,8,GPU3,3.4298
HEFT,1024,8,GPU2,3.4224
HEFT,1024,8,GPU1,3.3745
HEFT,1024,8,GPU8,1.9561
HEFT,1024,9,DGX_System,2.2357
HEFT,1024,9,GPU7,1.9307
HEFT,1024,9,GPU6,1.4868
HEFT,1024,9,GPU5,1.4951
HEFT,1024,9,GPU4,3.1659
HEFT,1024,9,GPU3,3.1139
HEFT,1024,9,GPU2,3.0667
HEFT,1024,9,GPU1,3.1850
HEFT,1024,9,GPU8,1.9962
HEFT,1024,10,DGX_System,2.1060
HEFT,1024,10,GPU7,1.8683
HEFT,1024,10,GPU6,1.3709
HEFT,1024,10,GPU5,1.4037
HEFT,1024,10,GPU4,3.1185
HEFT,1024,10,GPU3,3.1330
HEFT,1024,10,GPU2,2.3134
HEFT,1024,10,GPU1,3.1339
HEFT,1024,10,GPU8,1.9590
PEFT,512,1,DGX_System,1.3291
PEFT,512,1,GPU7,1.2977
PEFT,512,1,GPU6,1.2946
PEFT,512,1,GPU5,1.2779
PEFT,512,1,GPU4,1.3287
PEFT,512,1,GPU3,1.3266
PEFT,512,1,GPU2,1.3563
PEFT,512,1,GPU1,1.3140
PEFT,512,1,GPU8,1.3060
PEFT,512,2,DGX_System,1.2950
PEFT,512,2,GPU7,1.4138
PEFT,512,2,GPU6,1.5116
PEFT,512,2,GPU5,1.2470
PEFT,512,2,GPU4,1.5310
PEFT,512,2,GPU3,1.5305
PEFT,512,2,GPU2,1.5342
PEFT,512,2,GPU1,1.4137
PEFT,512,2,GPU8,1.5018
PEFT,512,3,DGX_System,1.6178
PEFT,512,3,GPU7,1.4312
PEFT,512,3,GPU6,1.6089
PEFT,512,3,GPU5,1.3471
PEFT,512,3,GPU4,1.6313
PEFT,512,3,GPU3,1.6288
PEFT,512,3,GPU2,1.6298
PEFT,512,3,GPU1,1.4883
PEFT,512,3,GPU8,1.4663
PEFT,512,4,DGX_System,1.4637
PEFT,512,4,GPU7,1.3954
PEFT,512,4,GPU6,1.3582
PEFT,512,4,GPU5,1.3196
PEFT,512,4,GPU4,1.4601
PEFT,512,4,GPU3,1.4686
PEFT,512,4,GPU2,1.4690
PEFT,512,4,GPU1,1.4993
PEFT,512,4,GPU8,1.4506
PEFT,512,5,DGX_System,1.3263
PEFT,512,5,GPU7,1.4621
PEFT,512,5,GPU6,1.4286
PEFT,512,5,GPU5,1.4975
PEFT,512,5,GPU4,1.4674
PEFT,512,5,GPU3,1.4712
PEFT,512,5,GPU2,1.4619
PEFT,512,5,GPU1,1.4699
PEFT,512,5,GPU8,1.4717
PEFT,512,6,DGX_System,1.3483
PEFT,512,6,GPU7,1.3483
PEFT,512,6,GPU6,1.3565
PEFT,512,6,GPU5,1.2151
PEFT,512,6,GPU4,1.3665
PEFT,512,6,GPU3,1.3666
PEFT,512,6,GPU2,1.3434
PEFT,512,6,GPU1,1.3783
PEFT,512,6,GPU8,1.3299
PEFT,512,7,DGX_System,1.3792
PEFT,512,7,GPU7,1.3991
PEFT,512,7,GPU6,1.3145
PEFT,512,7,GPU5,1.0428
PEFT,512,7,GPU4,1.4051
PEFT,512,7,GPU3,1.4193
PEFT,512,7,GPU2,1.4488
PEFT,512,7,GPU1,1.4172
PEFT,512,7,GPU8,1.3844
PEFT,512,8,DGX_System,1.1417
PEFT,512,8,GPU7,1.3030
PEFT,512,8,GPU6,1.1350
PEFT,512,8,GPU5,1.2472
PEFT,512,8,GPU4,1.3511
PEFT,512,8,GPU3,1.3561
PEFT,512,8,GPU2,1.3488
PEFT,512,8,GPU1,1.3518
PEFT,512,8,GPU8,1.3423
PEFT,512,9,DGX_System,0.9456
PEFT,512,9,GPU7,1.2481
PEFT,512,9,GPU6,1.1643
PEFT,512,9,GPU5,1.1384
PEFT,512,9,GPU4,1.3155
PEFT,512,9,GPU3,1.3252
PEFT,512,9,GPU2,1.3281
PEFT,512,9,GPU1,1.3352
PEFT,512,9,GPU8,1.2660
PEFT,512,10,DGX_System,1.4064
PEFT,512,10,GPU7,1.3640
PEFT,512,10,GPU6,1.3320
PEFT,512,10,GPU5,1.2035
PEFT,512,10,GPU4,1.4113
PEFT,512,10,GPU3,1.4099
PEFT,512,10,GPU2,1.4124
PEFT,512,10,GPU1,1.3873
PEFT,512,10,GPU8,1.3973
PEFT,2048,1,DGX_System,5.8902
PEFT,2048,1,GPU7,5.7940
PEFT,2048,1,GPU6,5.7315
PEFT,2048,1,GPU5,5.6530
PEFT,2048,1,GPU4,5.9280
PEFT,2048,1,GPU3,5.9279
PEFT,2048,1,GPU2,5.9280
PEFT,2048,1,GPU1,5.9277
PEFT,2048,1,GPU8,5.8309
PEFT,2048,2,DGX_System,5.8524
PEFT,2048,2,GPU7,5.7620
PEFT,2048,2,GPU6,5.8808
PEFT,2048,2,GPU5,5.5194
PEFT,2048,2,GPU4,5.9950
PEFT,2048,2,GPU3,5.9952
PEFT,2048,2,GPU2,5.9547
PEFT,2048,2,GPU1,5.9860
PEFT,2048,2,GPU8,5.8929
PEFT,2048,3,DGX_System,6.4192
PEFT,2048,3,GPU7,6.5416
PEFT,2048,3,GPU6,6.2088
PEFT,2048,3,GPU5,6.3805
PEFT,2048,3,GPU4,6.6659
PEFT,2048,3,GPU3,6.6712
PEFT,2048,3,GPU2,6.6720
PEFT,2048,3,GPU1,6.6607
PEFT,2048,3,GPU8,6.5889
PEFT,2048,4,DGX_System,6.0975
PEFT,2048,4,GPU7,6.2328
PEFT,2048,4,GPU6,6.0619
PEFT,2048,4,GPU5,6.0150
PEFT,2048,4,GPU4,6.3009
PEFT,2048,4,GPU3,6.2984
PEFT,2048,4,GPU2,6.3005
PEFT,2048,4,GPU1,6.3007
PEFT,2048,4,GPU8,6.2587
PEFT,2048,5,DGX_System,6.1129
PEFT,2048,5,GPU7,6.1524
PEFT,2048,5,GPU6,6.1260
PEFT,2048,5,GPU5,6.0273
PEFT,2048,5,GPU4,6.2588
PEFT,2048,5,GPU3,6.2599
PEFT,2048,5,GPU2,6.2558
PEFT,2048,5,GPU1,6.2574
PEFT,2048,5,GPU8,6.1548
PEFT,2048,6,DGX_System,5.9689
PEFT,2048,6,GPU7,5.7745
PEFT,2048,6,GPU6,5.6601
PEFT,2048,6,GPU5,5.7534
PEFT,2048,6,GPU4,5.9866
PEFT,2048,6,GPU3,5.9843
PEFT,2048,6,GPU2,5.9688
PEFT,2048,6,GPU1,5.9827
PEFT,2048,6,GPU8,5.7876
PEFT,2048,7,DGX_System,5.9903
PEFT,2048,7,GPU7,6.1470
PEFT,2048,7,GPU6,6.1615
PEFT,2048,7,GPU5,5.9617
PEFT,2048,7,GPU4,6.3300
PEFT,2048,7,GPU3,6.3336
PEFT,2048,7,GPU2,6.3350
PEFT,2048,7,GPU1,6.3324
PEFT,2048,7,GPU8,6.2722
PEFT,2048,8,DGX_System,5.8523
PEFT,2048,8,GPU7,5.8040
PEFT,2048,8,GPU6,5.7722
PEFT,2048,8,GPU5,5.6386
PEFT,2048,8,GPU4,5.8662
PEFT,2048,8,GPU3,5.8673
PEFT,2048,8,GPU2,5.8663
PEFT,2048,8,GPU1,5.8626
PEFT,2048,8,GPU8,5.8072
PEFT,2048,9,DGX_System,5.7413
PEFT,2048,9,GPU7,5.9734
PEFT,2048,9,GPU6,5.9687
PEFT,2048,9,GPU5,5.4896
PEFT,2048,9,GPU4,6.0348
PEFT,2048,9,GPU3,6.0348
PEFT,2048,9,GPU2,6.0256
PEFT,2048,9,GPU1,5.8677
PEFT,2048,9,GPU8,5.8947
PEFT,2048,10,DGX_System,5.3330
PEFT,2048,10,GPU7,5.0753
PEFT,2048,10,GPU6,5.1186
PEFT,2048,10,GPU5,5.0202
PEFT,2048,10,GPU4,5.3469
PEFT,2048,10,GPU3,5.3479
PEFT,2048,10,GPU2,5.3478
PEFT,2048,10,GPU1,5.3490
PEFT,2048,10,GPU8,5.2400
PEFT,256,1,DGX_System,0.8776
PEFT,256,1,GPU7,0.5744
PEFT,256,1,GPU6,0.8174
PEFT,256,1,GPU5,0.8122
PEFT,256,1,GPU4,0.8320
PEFT,256,1,GPU3,0.8171
PEFT,256,1,GPU2,0.8297
PEFT,256,1,GPU1,0.7854
PEFT,256,1,GPU8,0.8200
PEFT,256,2,DGX_System,0.7346
PEFT,256,2,GPU7,0.7292
PEFT,256,2,GPU6,0.5885
PEFT,256,2,GPU5,0.5940
PEFT,256,2,GPU4,0.7677
PEFT,256,2,GPU3,0.7618
PEFT,256,2,GPU2,0.7675
PEFT,256,2,GPU1,0.7755
PEFT,256,2,GPU8,0.7268
PEFT,256,3,DGX_System,0.8049
PEFT,256,3,GPU7,0.8016
PEFT,256,3,GPU6,0.7747
PEFT,256,3,GPU5,0.5274
PEFT,256,3,GPU4,0.8030
PEFT,256,3,GPU3,0.8080
PEFT,256,3,GPU2,0.8106
PEFT,256,3,GPU1,0.8060
PEFT,256,3,GPU8,0.8077
PEFT,256,4,DGX_System,0.4962
PEFT,256,4,GPU7,0.5065
PEFT,256,4,GPU6,0.5039
PEFT,256,4,GPU5,0.4727
PEFT,256,4,GPU4,0.5039
PEFT,256,4,GPU3,0.5137
PEFT,256,4,GPU2,0.5444
PEFT,256,4,GPU1,0.5392
PEFT,256,4,GPU8,0.5035
PEFT,256,5,DGX_System,0.7710
PEFT,256,5,GPU7,0.7310
PEFT,256,5,GPU6,0.7034
PEFT,256,5,GPU5,0.6361
PEFT,256,5,GPU4,0.7275
PEFT,256,5,GPU3,0.7848
PEFT,256,5,GPU2,0.7237
PEFT,256,5,GPU1,0.7495
PEFT,256,5,GPU8,0.7468
PEFT,256,6,DGX_System,0.7045
PEFT,256,6,GPU7,0.7065
PEFT,256,6,GPU6,0.5970
PEFT,256,6,GPU5,0.5848
PEFT,256,6,GPU4,0.7945
PEFT,256,6,GPU3,0.7476
PEFT,256,6,GPU2,0.7145
PEFT,256,6,GPU1,0.7555
PEFT,256,6,GPU8,0.6948
PEFT,256,7,DGX_System,0.5831
PEFT,256,7,GPU7,0.5494
PEFT,256,7,GPU6,0.5494
PEFT,256,7,GPU5,0.3745
PEFT,256,7,GPU4,0.6206
PEFT,256,7,GPU3,0.6061
PEFT,256,7,GPU2,0.6235
PEFT,256,7,GPU1,0.6152
PEFT,256,7,GPU8,0.5752
PEFT,256,8,DGX_System,0.7403
PEFT,256,8,GPU7,0.6902
PEFT,256,8,GPU6,0.7002
PEFT,256,8,GPU5,0.6409
PEFT,256,8,GPU4,0.7090
PEFT,256,8,GPU3,0.7139
PEFT,256,8,GPU2,0.7095
PEFT,256,8,GPU1,0.7257
PEFT,256,8,GPU8,0.7020
PEFT,256,9,DGX_System,0.7052
PEFT,256,9,GPU7,0.6947
PEFT,256,9,GPU6,0.7181
PEFT,256,9,GPU5,0.5359
PEFT,256,9,GPU4,0.7035
PEFT,256,9,GPU3,0.7242
PEFT,256,9,GPU2,0.7280
PEFT,256,9,GPU1,0.7031
PEFT,256,9,GPU8,0.7109
PEFT,256,10,DGX_System,0.7144
PEFT,256,10,GPU7,0.7098
PEFT,256,10,GPU6,0.7121
PEFT,256,10,GPU5,0.7045
PEFT,256,10,GPU4,0.7247
PEFT,256,10,GPU3,0.7296
PEFT,256,10,GPU2,0.7287
PEFT,256,10,GPU1,0.7311
PEFT,256,10,GPU8,0.7158
PEFT,1024,1,DGX_System,2.5784
PEFT,1024,1,GPU7,2.5751
PEFT,1024,1,GPU6,2.5267
PEFT,1024,1,GPU5,2.5415
PEFT,1024,1,GPU4,2.5956
PEFT,1024,1,GPU3,2.5935
PEFT,1024,1,GPU2,2.5912
PEFT,1024,1,GPU1,2.5948
PEFT,1024,1,GPU8,2.5735
PEFT,1024,2,DGX_System,2.2958
PEFT,1024,2,GPU7,2.3647
PEFT,1024,2,GPU6,2.1427
PEFT,1024,2,GPU5,2.2549
PEFT,1024,2,GPU4,2.4429
PEFT,1024,2,GPU3,2.4430
PEFT,1024,2,GPU2,2.4431
PEFT,1024,2,GPU1,2.3930
PEFT,1024,2,GPU8,1.9907
PEFT,1024,3,DGX_System,3.1375
PEFT,1024,3,GPU7,3.3123
PEFT,1024,3,GPU6,3.1794
PEFT,1024,3,GPU5,3.1443
PEFT,1024,3,GPU4,3.3497
PEFT,1024,3,GPU3,3.3515
PEFT,1024,3,GPU2,3.2396
PEFT,1024,3,GPU1,3.3505
PEFT,1024,3,GPU8,3.3152
PEFT,1024,4,DGX_System,2.9023
PEFT,1024,4,GPU7,2.8839
PEFT,1024,4,GPU6,2.8869
PEFT,1024,4,GPU5,2.7023
PEFT,1024,4,GPU4,2.9213
PEFT,1024,4,GPU3,2.9230
PEFT,1024,4,GPU2,2.8087
PEFT,1024,4,GPU1,2.9016
PEFT,1024,4,GPU8,2.8873
PEFT,1024,5,DGX_System,2.9649
PEFT,1024,5,GPU7,3.1202
PEFT,1024,5,GPU6,2.8058
PEFT,1024,5,GPU5,2.8028
PEFT,1024,5,GPU4,3.1866
PEFT,1024,5,GPU3,3.1973
PEFT,1024,5,GPU2,3.1418
PEFT,1024,5,GPU1,3.1963
PEFT,1024,5,GPU8,3.1602
PEFT,1024,6,DGX_System,2.8472
PEFT,1024,6,GPU7,2.7628
PEFT,1024,6,GPU6,2.8245
PEFT,1024,6,GPU5,2.5420
PEFT,1024,6,GPU4,2.8517
PEFT,1024,6,GPU3,2.8520
PEFT,1024,6,GPU2,2.8537
PEFT,1024,6,GPU1,2.8521
PEFT,1024,6,GPU8,2.8175
PEFT,1024,7,DGX_System,2.9577
PEFT,1024,7,GPU7,2.7804
PEFT,1024,7,GPU6,2.7314
PEFT,1024,7,GPU5,2.5887
PEFT,1024,7,GPU4,2.9606
PEFT,1024,7,GPU3,2.9616
PEFT,1024,7,GPU2,2.9710
PEFT,1024,7,GPU1,2.9265
PEFT,1024,7,GPU8,2.7018
PEFT,1024,8,DGX_System,2.9102
PEFT,1024,8,GPU7,3.0753
PEFT,1024,8,GPU6,3.0611
PEFT,1024,8,GPU5,2.9618
PEFT,1024,8,GPU4,3.1043
PEFT,1024,8,GPU3,3.1044
PEFT,1024,8,GPU2,3.0447
PEFT,1024,8,GPU1,3.1053
PEFT,1024,8,GPU8,2.9558
PEFT,1024,9,DGX_System,2.4828
PEFT,1024,9,GPU7,2.8551
PEFT,1024,9,GPU6,2.5874
PEFT,1024,9,GPU5,2.5712
PEFT,1024,9,GPU4,2.8664
PEFT,1024,9,GPU3,2.8891
PEFT,1024,9,GPU2,2.8886
PEFT,1024,9,GPU1,2.6122
PEFT,1024,9,GPU8,2.8460
PEFT,1024,10,DGX_System,2.6051
PEFT,1024,10,GPU7,2.4061
PEFT,1024,10,GPU6,2.5357
PEFT,1024,10,GPU5,2.3104
PEFT,1024,10,GPU4,2.6245
PEFT,1024,10,GPU3,2.6247
PEFT,1024,10,GPU2,2.6230
PEFT,1024,10,GPU1,2.6245
PEFT,1024,10,GPU8,2.6099
IPEFT,512,1,DGX_System,1.2967
IPEFT,512,1,GPU7,1.3021
IPEFT,512,1,GPU6,1.3271
IPEFT,512,1,GPU5,1.1868
IPEFT,512,1,GPU4,1.3805
IPEFT,512,1,GPU3,1.3197
IPEFT,512,1,GPU2,1.3534
IPEFT,512,1,GPU1,1.3245
IPEFT,512,1,GPU8,1.2360
IPEFT,512,2,DGX_System,1.2190
IPEFT,512,2,GPU7,1.5058
IPEFT,512,2,GPU6,1.1993
IPEFT,512,2,GPU5,0.9466
IPEFT,512,2,GPU4,1.5493
IPEFT,512,2,GPU3,1.5515
IPEFT,512,2,GPU2,1.5498
IPEFT,512,2,GPU1,1.5505
IPEFT,512,2,GPU8,1.4965
IPEFT,512,3,DGX_System,1.4599
IPEFT,512,3,GPU7,1.2943
IPEFT,512,3,GPU6,1.2416
IPEFT,512,3,GPU5,1.2640
IPEFT,512,3,GPU4,1.6662
IPEFT,512,3,GPU3,1.6656
IPEFT,512,3,GPU2,1.6612
IPEFT,512,3,GPU1,1.6710
IPEFT,512,3,GPU8,1.3467
IPEFT,512,4,DGX_System,1.3911
IPEFT,512,4,GPU7,1.4661
IPEFT,512,4,GPU6,1.3816
IPEFT,512,4,GPU5,1.1288
IPEFT,512,4,GPU4,1.4871
IPEFT,512,4,GPU3,1.4889
IPEFT,512,4,GPU2,1.4895
IPEFT,512,4,GPU1,1.4871
IPEFT,512,4,GPU8,1.4824
IPEFT,512,5,DGX_System,1.4383
IPEFT,512,5,GPU7,1.2915
IPEFT,512,5,GPU6,1.2347
IPEFT,512,5,GPU5,1.1923
IPEFT,512,5,GPU4,1.5435
IPEFT,512,5,GPU3,1.4289
IPEFT,512,5,GPU2,1.5465
IPEFT,512,5,GPU1,1.4786
IPEFT,512,5,GPU8,1.5095
IPEFT,512,6,DGX_System,1.2587
IPEFT,512,6,GPU7,1.1546
IPEFT,512,6,GPU6,1.1896
IPEFT,512,6,GPU5,1.0911
IPEFT,512,6,GPU4,1.4347
IPEFT,512,6,GPU3,1.3821
IPEFT,512,6,GPU2,1.4044
IPEFT,512,6,GPU1,1.4031
IPEFT,512,6,GPU8,1.3887
IPEFT,512,7,DGX_System,1.2905
IPEFT,512,7,GPU7,1.0962
IPEFT,512,7,GPU6,0.8638
IPEFT,512,7,GPU5,0.8764
IPEFT,512,7,GPU4,1.5249
IPEFT,512,7,GPU3,1.4988
IPEFT,512,7,GPU2,1.4972
IPEFT,512,7,GPU1,1.5297
IPEFT,512,7,GPU8,1.2213
IPEFT,512,8,DGX_System,1.2015
IPEFT,512,8,GPU7,1.1534
IPEFT,512,8,GPU6,1.0498
IPEFT,512,8,GPU5,0.9670
IPEFT,512,8,GPU4,1.4027
IPEFT,512,8,GPU3,1.4017
IPEFT,512,8,GPU2,1.3944
IPEFT,512,8,GPU1,1.3880
IPEFT,512,8,GPU8,1.1377
IPEFT,512,9,DGX_System,0.9701
IPEFT,512,9,GPU7,1.2961
IPEFT,512,9,GPU6,1.0176
IPEFT,512,9,GPU5,0.9417
IPEFT,512,9,GPU4,1.3340
IPEFT,512,9,GPU3,1.3542
IPEFT,512,9,GPU2,1.3421
IPEFT,512,9,GPU1,1.3344
IPEFT,512,9,GPU8,1.3098
IPEFT,512,10,DGX_System,1.4086
IPEFT,512,10,GPU7,1.4035
IPEFT,512,10,GPU6,1.1914
IPEFT,512,10,GPU5,1.1920
IPEFT,512,10,GPU4,1.3683
IPEFT,512,10,GPU3,1.4268
IPEFT,512,10,GPU2,1.4252
IPEFT,512,10,GPU1,1.4282
IPEFT,512,10,GPU8,1.4115
IPEFT,2048,1,DGX_System,5.8389
IPEFT,2048,1,GPU7,5.8374
IPEFT,2048,1,GPU6,5.6589
IPEFT,2048,1,GPU5,5.4477
IPEFT,2048,1,GPU4,5.9465
IPEFT,2048,1,GPU3,5.9506
IPEFT,2048,1,GPU2,5.9616
IPEFT,2048,1,GPU1,5.9536
IPEFT,2048,1,GPU8,5.8091
IPEFT,2048,2,DGX_System,5.8162
IPEFT,2048,2,GPU7,5.5950
IPEFT,2048,2,GPU6,5.5572
IPEFT,2048,2,GPU5,5.3671
IPEFT,2048,2,GPU4,6.0407
IPEFT,2048,2,GPU3,6.0407
IPEFT,2048,2,GPU2,6.0407
IPEFT,2048,2,GPU1,5.9972
IPEFT,2048,2,GPU8,5.9518
IPEFT,2048,3,DGX_System,6.2289
IPEFT,2048,3,GPU7,6.6090
IPEFT,2048,3,GPU6,6.2732
IPEFT,2048,3,GPU5,6.0303
IPEFT,2048,3,GPU4,6.7170
IPEFT,2048,3,GPU3,6.6975
IPEFT,2048,3,GPU2,6.7257
IPEFT,2048,3,GPU1,6.6658
IPEFT,2048,3,GPU8,6.6716
IPEFT,2048,4,DGX_System,6.0701
IPEFT,2048,4,GPU7,6.2262
IPEFT,2048,4,GPU6,6.1033
IPEFT,2048,4,GPU5,6.0660
IPEFT,2048,4,GPU4,6.3115
IPEFT,2048,4,GPU3,6.3115
IPEFT,2048,4,GPU2,6.3105
IPEFT,2048,4,GPU1,6.2647
IPEFT,2048,4,GPU8,6.2283
IPEFT,2048,5,DGX_System,6.1519
IPEFT,2048,5,GPU7,6.0255
IPEFT,2048,5,GPU6,6.1407
IPEFT,2048,5,GPU5,6.1166
IPEFT,2048,5,GPU4,6.2560
IPEFT,2048,5,GPU3,6.2529
IPEFT,2048,5,GPU2,6.2514
IPEFT,2048,5,GPU1,6.2541
IPEFT,2048,5,GPU8,6.1698
IPEFT,2048,6,DGX_System,5.8477
IPEFT,2048,6,GPU7,5.7013
IPEFT,2048,6,GPU6,5.6286
IPEFT,2048,6,GPU5,5.4889
IPEFT,2048,6,GPU4,6.0423
IPEFT,2048,6,GPU3,5.9404
IPEFT,2048,6,GPU2,6.0413
IPEFT,2048,6,GPU1,6.0405
IPEFT,2048,6,GPU8,5.8800
IPEFT,2048,7,DGX_System,5.9554
IPEFT,2048,7,GPU7,6.2246
IPEFT,2048,7,GPU6,6.0834
IPEFT,2048,7,GPU5,5.7373
IPEFT,2048,7,GPU4,6.3549
IPEFT,2048,7,GPU3,6.3540
IPEFT,2048,7,GPU2,6.3549
IPEFT,2048,7,GPU1,6.3531
IPEFT,2048,7,GPU8,6.2629
IPEFT,2048,8,DGX_System,5.7401
IPEFT,2048,8,GPU7,5.5877
IPEFT,2048,8,GPU6,5.7992
IPEFT,2048,8,GPU5,5.3733
IPEFT,2048,8,GPU4,5.9118
IPEFT,2048,8,GPU3,5.9125
IPEFT,2048,8,GPU2,5.9094
IPEFT,2048,8,GPU1,5.9064
IPEFT,2048,8,GPU8,5.8471
IPEFT,2048,9,DGX_System,5.6172
IPEFT,2048,9,GPU7,5.9689
IPEFT,2048,9,GPU6,5.9532
IPEFT,2048,9,GPU5,5.7677
IPEFT,2048,9,GPU4,6.0490
IPEFT,2048,9,GPU3,6.0490
IPEFT,2048,9,GPU2,5.9109
IPEFT,2048,9,GPU1,5.9193
IPEFT,2048,9,GPU8,5.9720
IPEFT,2048,10,DGX_System,5.1262
IPEFT,2048,10,GPU7,5.1613
IPEFT,2048,10,GPU6,4.9936
IPEFT,2048,10,GPU5,5.0108
IPEFT,2048,10,GPU4,5.3750
IPEFT,2048,10,GPU3,5.3759
IPEFT,2048,10,GPU2,5.3749
IPEFT,2048,10,GPU1,5.3750
IPEFT,2048,10,GPU8,5.2742
IPEFT,256,1,DGX_System,0.8799
IPEFT,256,1,GPU7,0.8478
IPEFT,256,1,GPU6,0.5902
IPEFT,256,1,GPU5,0.7043
IPEFT,256,1,GPU4,0.8431
IPEFT,256,1,GPU3,0.8108
IPEFT,256,1,GPU2,0.9059
IPEFT,256,1,GPU1,0.8103
IPEFT,256,1,GPU8,0.5135
IPEFT,256,2,DGX_System,0.6031
IPEFT,256,2,GPU7,0.7115
IPEFT,256,2,GPU6,0.7398
IPEFT,256,2,GPU5,0.7103
IPEFT,256,2,GPU4,0.7560
IPEFT,256,2,GPU3,0.7652
IPEFT,256,2,GPU2,0.7636
IPEFT,256,2,GPU1,0.7817
IPEFT,256,2,GPU8,0.7271
IPEFT,256,3,DGX_System,0.5313
IPEFT,256,3,GPU7,0.7960
IPEFT,256,3,GPU6,0.7814
IPEFT,256,3,GPU5,0.7241
IPEFT,256,3,GPU4,0.8124
IPEFT,256,3,GPU3,0.8344
IPEFT,256,3,GPU2,0.8362
IPEFT,256,3,GPU1,0.8324
IPEFT,256,3,GPU8,0.7856
IPEFT,256,4,DGX_System,0.4868
IPEFT,256,4,GPU7,0.5258
IPEFT,256,4,GPU6,0.4117
IPEFT,256,4,GPU5,0.4326
IPEFT,256,4,GPU4,0.5281
IPEFT,256,4,GPU3,0.5275
IPEFT,256,4,GPU2,0.5396
IPEFT,256,4,GPU1,0.5393
IPEFT,256,4,GPU8,0.5182
IPEFT,256,5,DGX_System,0.7003
IPEFT,256,5,GPU7,0.7223
IPEFT,256,5,GPU6,0.5654
IPEFT,256,5,GPU5,0.6557
IPEFT,256,5,GPU4,0.7560
IPEFT,256,5,GPU3,0.8118
IPEFT,256,5,GPU2,0.7621
IPEFT,256,5,GPU1,0.7550
IPEFT,256,5,GPU8,0.6563
IPEFT,256,6,DGX_System,0.7055
IPEFT,256,6,GPU7,0.7035
IPEFT,256,6,GPU6,0.6291
IPEFT,256,6,GPU5,0.5972
IPEFT,256,6,GPU4,0.7477
IPEFT,256,6,GPU3,0.7131
IPEFT,256,6,GPU2,0.7477
IPEFT,256,6,GPU1,0.7935
IPEFT,256,6,GPU8,0.6861
IPEFT,256,7,DGX_System,0.3735
IPEFT,256,7,GPU7,0.5834
IPEFT,256,7,GPU6,0.5774
IPEFT,256,7,GPU5,0.4797
IPEFT,256,7,GPU4,0.6037
IPEFT,256,7,GPU3,0.6511
IPEFT,256,7,GPU2,0.6310
IPEFT,256,7,GPU1,0.6319
IPEFT,256,7,GPU8,0.5939
IPEFT,256,8,DGX_System,0.7022
IPEFT,256,8,GPU7,0.7007
IPEFT,256,8,GPU6,0.6875
IPEFT,256,8,GPU5,0.6932
IPEFT,256,8,GPU4,0.7236
IPEFT,256,8,GPU3,0.7117
IPEFT,256,8,GPU2,0.7442
IPEFT,256,8,GPU1,0.7335
IPEFT,256,8,GPU8,0.5298
IPEFT,256,9,DGX_System,0.7006
IPEFT,256,9,GPU7,0.4600
IPEFT,256,9,GPU6,0.7023
IPEFT,256,9,GPU5,0.6796
IPEFT,256,9,GPU4,0.7313
IPEFT,256,9,GPU3,0.7113
IPEFT,256,9,GPU2,0.7328
IPEFT,256,9,GPU1,0.7194
IPEFT,256,9,GPU8,0.7023
IPEFT,256,10,DGX_System,0.7255
IPEFT,256,10,GPU7,0.6856
IPEFT,256,10,GPU6,0.6764
IPEFT,256,10,GPU5,0.6048
IPEFT,256,10,GPU4,0.7358
IPEFT,256,10,GPU3,0.7416
IPEFT,256,10,GPU2,0.7400
IPEFT,256,10,GPU1,0.7402
IPEFT,256,10,GPU8,0.7069
IPEFT,1024,1,DGX_System,2.5860
IPEFT,1024,1,GPU7,2.5722
IPEFT,1024,1,GPU6,2.5568
IPEFT,1024,1,GPU5,2.2409
IPEFT,1024,1,GPU4,2.6174
IPEFT,1024,1,GPU3,2.6147
IPEFT,1024,1,GPU2,2.6154
IPEFT,1024,1,GPU1,2.6167
IPEFT,1024,1,GPU8,2.5275
IPEFT,1024,2,DGX_System,2.0832
IPEFT,1024,2,GPU7,2.4076
IPEFT,1024,2,GPU6,2.0845
IPEFT,1024,2,GPU5,2.1072
IPEFT,1024,2,GPU4,2.4705
IPEFT,1024,2,GPU3,2.4717
IPEFT,1024,2,GPU2,2.4402
IPEFT,1024,2,GPU1,2.4186
IPEFT,1024,2,GPU8,2.2534
IPEFT,1024,3,DGX_System,3.0394
IPEFT,1024,3,GPU7,3.0790
IPEFT,1024,3,GPU6,3.0575
IPEFT,1024,3,GPU5,3.0648
IPEFT,1024,3,GPU4,3.3913
IPEFT,1024,3,GPU3,3.3913
IPEFT,1024,3,GPU2,3.3167
IPEFT,1024,3,GPU1,3.3775
IPEFT,1024,3,GPU8,3.2836
IPEFT,1024,4,DGX_System,2.8268
IPEFT,1024,4,GPU7,2.8873
IPEFT,1024,4,GPU6,2.4085
IPEFT,1024,4,GPU5,2.3654
IPEFT,1024,4,GPU4,2.9537
IPEFT,1024,4,GPU3,2.9548
IPEFT,1024,4,GPU2,2.9580
IPEFT,1024,4,GPU1,2.9548
IPEFT,1024,4,GPU8,2.9146
IPEFT,1024,5,DGX_System,2.8339
IPEFT,1024,5,GPU7,3.0096
IPEFT,1024,5,GPU6,2.6397
IPEFT,1024,5,GPU5,2.4994
IPEFT,1024,5,GPU4,3.2395
IPEFT,1024,5,GPU3,3.2396
IPEFT,1024,5,GPU2,3.2395
IPEFT,1024,5,GPU1,3.2383
IPEFT,1024,5,GPU8,3.1618
IPEFT,1024,6,DGX_System,2.6965
IPEFT,1024,6,GPU7,2.7293
IPEFT,1024,6,GPU6,2.6717
IPEFT,1024,6,GPU5,2.6612
IPEFT,1024,6,GPU4,2.8770
IPEFT,1024,6,GPU3,2.8764
IPEFT,1024,6,GPU2,2.8750
IPEFT,1024,6,GPU1,2.8770
IPEFT,1024,6,GPU8,2.8181
IPEFT,1024,7,DGX_System,2.8165
IPEFT,1024,7,GPU7,2.7600
IPEFT,1024,7,GPU6,2.4527
IPEFT,1024,7,GPU5,2.3490
IPEFT,1024,7,GPU4,3.0083
IPEFT,1024,7,GPU3,3.0184
IPEFT,1024,7,GPU2,2.9752
IPEFT,1024,7,GPU1,3.0045
IPEFT,1024,7,GPU8,2.8451
IPEFT,1024,8,DGX_System,2.9867
IPEFT,1024,8,GPU7,2.7293
IPEFT,1024,8,GPU6,3.0036
IPEFT,1024,8,GPU5,2.7345
IPEFT,1024,8,GPU4,3.1335
IPEFT,1024,8,GPU3,3.1336
IPEFT,1024,8,GPU2,3.0615
IPEFT,1024,8,GPU1,3.1324
IPEFT,1024,8,GPU8,3.1015
IPEFT,1024,9,DGX_System,2.3609
IPEFT,1024,9,GPU7,2.8075
IPEFT,1024,9,GPU6,2.6691
IPEFT,1024,9,GPU5,2.3683
IPEFT,1024,9,GPU4,2.8591
IPEFT,1024,9,GPU3,2.8543
IPEFT,1024,9,GPU2,2.8627
IPEFT,1024,9,GPU1,2.8030
IPEFT,1024,9,GPU8,2.8045
IPEFT,1024,10,DGX_System,2.4236
IPEFT,1024,10,GPU7,2.6270
IPEFT,1024,10,GPU6,2.2598
IPEFT,1024,10,GPU5,2.1888
IPEFT,1024,10,GPU4,2.6658
IPEFT,1024,10,GPU3,2.6654
IPEFT,1024,10,GPU2,2.6656
IPEFT,1024,10,GPU1,2.6573
IPEFT,1024,10,GPU8,2.5624
